section communale,Cultures,Saison 1,Saison2,Saison 3 et plus,total saison 1 ,total saison 2,moyenne 2 saisons,pc saison 1,pc saison 2,moyenne s1-s2,Pc moyenne,Total 2 saisons
111-01,Riz,0.06,0.17,0,434.09,394.95,414.52,0.01%,0.04%,0.115,0.03%,0.23
111-02,Riz,0,0,0,218.15,62.82,140.485,0.00%,0.00%,0,0.00%,0
111-03,Riz,0.49,0.1,0,131.84,17.46,74.65,0.37%,0.57%,0.295,0.40%,0.59
113-01,Riz,0,0,0,184.16,0,92.08,0.00%,0.00%,0,0.00%,0
113-02,Riz,0,0,0,311.48,17.64,164.56,0.00%,0.00%,0,0.00%,0
113-03,Riz,0.08,0.08,0,108.46,26.64,67.55,0.07%,0.30%,0.08,0.12%,0.16
113-04,Riz,1.5,0.33,0,332.51,16.97,174.74,0.45%,1.94%,0.915,0.52%,1.83
113-05,Riz,0.01,0,0,583.76,54.06,318.91,0.00%,0.00%,0.005,0.00%,0.01
113-06,Riz,0.01,0,0,257.68,5.08,131.38,0.00%,0.00%,0.005,0.00%,0.01
113-07,Riz,0.2,0,0,1059.15,6.92,533.035,0.02%,0.00%,0.1,0.02%,0.2
113-08,Riz,0,0,0,580.52,0.94,290.73,0.00%,0.00%,0,0.00%,0
113-09,Riz,0.07,0,0,267.28,40.61,153.945,0.03%,0.00%,0.035,0.02%,0.07
113-10,Riz,0,0,0,257.04,4.66,130.85,0.00%,0.00%,0,0.00%,0
113-11,Riz,1.11,0,0,610.79,18.87,314.83,0.18%,0.00%,0.555,0.18%,1.11
113-12,Riz,0,0,0,1218.47,0,609.235,0.00%,0.00%,0,0.00%,0
113-13,Riz,0.04,0,0,394.06,4.6,199.33,0.01%,0.00%,0.02,0.01%,0.04
114-01,Riz,0.03,0,0,381.1,327.42,354.26,0.01%,0.00%,0.015,0.00%,0.03
114-02,Riz,0.41,0.08,0,842.47,753.54,798.005,0.05%,0.01%,0.245,0.03%,0.49
114-03,Riz,0.03,1,0,872.49,297.33,584.91,0.00%,0.34%,0.515,0.09%,1.03
114-04,Riz,0.03,0.82,0,5300.78,3605.68,4453.23,0.00%,0.02%,0.425,0.01%,0.85
114-05,Riz,2.13,0.6,0,249.76,193.49,221.625,0.85%,0.31%,1.365,0.62%,2.73
115-01,Riz,0.79,1.09,0,678.12,529.14,603.63,0.12%,0.21%,0.94,0.16%,1.88
115-02,Riz,2.39,0,0,467.22,68.79,268.005,0.51%,0.00%,1.195,0.45%,2.39
115-03,Riz,2.35,20.07,0,1241.72,1141.77,1191.745,0.19%,1.76%,11.21,0.94%,22.42
115-04,Riz,0,0,0,632.89,304.33,468.61,0.00%,0.00%,0,0.00%,0
115-05,Riz,1.45,0.06,0,1119.17,1035.23,1077.2,0.13%,0.01%,0.755,0.07%,1.51
116-01,Riz,0,0,0,274.97,0.73,137.85,0.00%,0.00%,0,0.00%,0
116-02,Riz,0,0.01,0,298.92,175.91,237.415,0.00%,0.01%,0.005,0.00%,0.01
116-03,Riz,0.08,0,0,436.19,52.89,244.54,0.02%,0.00%,0.04,0.02%,0.08
117-01,Riz,0.02,0,0,285.37,103.42,194.395,0.01%,0.00%,0.01,0.01%,0.02
117-02,Riz,0.55,0.28,0,295.88,159.27,227.575,0.19%,0.18%,0.415,0.18%,0.83
118-03,Riz,0,0,0,59.86,61.02,60.44,0.00%,0.00%,0,0.00%,0
118-04,Riz,0.02,0,0,35.83,24.17,30,0.06%,0.00%,0.01,0.03%,0.02
121-01,Riz,7.62,0.37,0,1180.86,20.04,600.45,0.65%,1.85%,3.995,0.67%,7.99
121-02,Riz,0.73,0.7,0,750.89,37.2,394.045,0.10%,1.88%,0.715,0.18%,1.43
121-03,Riz,4.38,5.67,3.92,1050.73,224.31,637.52,0.42%,2.53%,5.025,0.79%,10.05
121-04,Riz,0,0,0,362.33,233.23,297.78,0.00%,0.00%,0,0.00%,0
121-05,Riz,0.1,0.11,0,251.56,98.24,174.9,0.04%,0.11%,0.105,0.06%,0.21
121-06,Riz,2.14,0,0,436.21,44.16,240.185,0.49%,0.00%,1.07,0.45%,2.14
121-07,Riz,0.04,0,0,812.84,27.85,420.345,0.00%,0.00%,0.02,0.00%,0.04
121-08,Riz,0.1,0,0,593.7,5.91,299.805,0.02%,0.00%,0.05,0.02%,0.1
121-09,Riz,0.12,0,0,266.89,0.21,133.55,0.04%,0.00%,0.06,0.04%,0.12
121-10,Riz,0.04,0,0,248.27,0.39,124.33,0.02%,0.00%,0.02,0.02%,0.04
121-11,Riz,2.05,0.01,0,410.45,22.88,216.665,0.50%,0.04%,1.03,0.48%,2.06
121-12,Riz,0.37,0,0,736.7,30.6,383.65,0.05%,0.00%,0.185,0.05%,0.37
121-13,Riz,0.29,0.19,0,1742.18,692.53,1217.355,0.02%,0.03%,0.24,0.02%,0.48
122-01,Riz,32.39,15.38,0,1771.69,312.98,1042.335,1.83%,4.91%,23.885,2.29%,47.77
122-02,Riz,15.68,6.92,0.5,1492.5,16.19,754.345,1.05%,42.74%,11.3,1.50%,22.6
122-03,Riz,0.25,0,0,1002.37,1.02,501.695,0.02%,0.00%,0.125,0.02%,0.25
122-04,Riz,0.02,0,0,1149.54,539.22,844.38,0.00%,0.00%,0.01,0.00%,0.02
122-05,Riz,0,1.06,0,351.52,266.04,308.78,0.00%,0.40%,0.53,0.17%,1.06
122-06,Riz,0.5,0.31,0,1747,1612.98,1679.99,0.03%,0.02%,0.405,0.02%,0.81
122-07,Riz,0,0,0,500.29,0,250.145,0.00%,0.00%,0,0.00%,0
122-08,Riz,0.01,0,0,1947.03,409.33,1178.18,0.00%,0.00%,0.005,0.00%,0.01
122-09,Riz,0.04,0.13,0,1642.28,1147.01,1394.645,0.00%,0.01%,0.085,0.01%,0.17
122-10,Riz,0.34,0.04,0,971.58,468.81,720.195,0.03%,0.01%,0.19,0.03%,0.38
122-11,Riz,5.96,0.25,0,1484.04,18.38,751.21,0.40%,1.36%,3.105,0.41%,6.21
122-12,Riz,0,0.35,0,1162.06,924.69,1043.375,0.00%,0.04%,0.175,0.02%,0.35
123-01,Riz,0,0,0,1040.64,1.06,520.85,0.00%,0.00%,0,0.00%,0
123-02,Riz,1.74,0.92,0.99,1316.29,835.95,1076.12,0.13%,0.11%,1.33,0.12%,2.66
123-03,Riz,0,0,0,544.85,39.6,292.225,0.00%,0.00%,0,0.00%,0
123-04,Riz,0,0.11,0,771.37,402.06,586.715,0.00%,0.03%,0.055,0.01%,0.11
123-05,Riz,0.19,0.05,0,536.93,379.61,458.27,0.04%,0.01%,0.12,0.03%,0.24
123-06,Riz,0,0,0,474.93,40.3,257.615,0.00%,0.00%,0,0.00%,0
123-07,Riz,1.53,1.49,0,499.45,237.29,368.37,0.31%,0.63%,1.51,0.41%,3.02
131-01,Riz,0.24,0.08,0,375.59,151.9,263.745,0.06%,0.05%,0.16,0.06%,0.32
131-02,Riz,0,0.02,0,204.7,126.96,165.83,0.00%,0.02%,0.01,0.01%,0.02
131-03,Riz,0.01,0,0.2,457.19,301.39,379.29,0.00%,0.00%,0.005,0.00%,0.01
131-04,Riz,0.2,0,0,216.29,197,206.645,0.09%,0.00%,0.1,0.05%,0.2
131-05,Riz,0.41,0.33,0.09,423.95,308.51,366.23,0.10%,0.11%,0.37,0.10%,0.74
131-06,Riz,0.62,0,0,2175.74,815.16,1495.45,0.03%,0.00%,0.31,0.02%,0.62
131-07,Riz,0,0,0,2061.52,604.88,1333.2,0.00%,0.00%,0,0.00%,0
131-08,Riz,0.21,0,0,803.25,23.32,413.285,0.03%,0.00%,0.105,0.000,0.21
131-09,Riz,3.42,1.9,0,957.19,557.38,757.285,0.36%,0.34%,2.66,0.35%,5.32
131-10,Riz,10.68,0.46,0,597.24,25.76,311.5,1.79%,1.79%,5.57,1.79%,11.14
132-01,Riz,86.98,25.16,8.98,1381.18,1053.48,1217.33,6.30%,2.39%,56.07,4.61%,112.14
132-02,Riz,18.32,213.11,45.98,1211.24,1043.98,1127.61,1.51%,20.41%,115.715,10.26%,231.43
132-03,Riz,4.15,0.24,0,1750.65,216.95,983.8,0.24%,0.11%,2.195,0.22%,4.39
132-04,Riz,0,0,0,2534.81,70.43,1302.62,0.00%,0.00%,0,0.00%,0
133-01,Riz,0.25,4.15,0.45,988.81,854.91,921.86,0.03%,0.49%,2.2,0.24%,4.4
133-02,Riz,19.87,5.13,0.78,707.52,706.48,707,2.81%,0.73%,12.5,1.77%,25
133-03,Riz,47.45,0.87,0.75,2932.89,1904.27,2418.58,1.62%,0.05%,24.16,1.00%,48.32
133-04,Riz,0.03,0,0,896.98,244.45,570.715,0.00%,0.00%,0.015,0.00%,0.03
133-05,Riz,2.73,0.75,0,1629.59,912.29,1270.94,0.17%,0.08%,1.74,0.14%,3.48
134-01,Riz,0.87,1.13,0,2065.45,137.67,1101.56,0.04%,0.82%,1,0.09%,2
134-02,Riz,0,0,0,123.45,0.51,61.98,0.00%,0.00%,0,0.00%,0
134-03,Riz,0.93,0,0,2589.37,169.81,1379.59,0.04%,0.00%,0.465,0.000,0.93
134-04,Riz,1.48,0,0,3251.02,5.36,1628.19,0.05%,0.00%,0.74,0.000,1.48
134-05,Riz,0,1.37,0,3412.14,1850.6,2631.37,0.00%,0.07%,0.685,0.000,1.37
135-01,Riz,28.58,0.63,0,9861.45,5528.23,7694.84,0.29%,0.01%,14.605,0.002,29.21
141-01,Riz,0.25,0.2,0.02,1418.71,117.62,768.165,0.02%,0.17%,0.225,0.000,0.45
141-02,Riz,4.54,0,0,1132.93,1.88,567.405,0.40%,0.00%,2.27,0.40%,4.54
141-03,Riz,5.54,1.16,0,1905.19,41.42,973.305,0.29%,2.80%,3.35,0.34%,6.7
141-04,Riz,0.65,2,0,2281.57,1101.12,1691.345,0.03%,0.18%,1.325,0.08%,2.65
141-05,Riz,0.14,0.14,0,3550.15,412.93,1981.54,0.00%,0.03%,0.14,0.01%,0.28
141-06,Riz,0.11,0,0,6336.7,385.52,3361.11,0.00%,0.00%,0.055,0.00%,0.11
142-01,Riz,58.69,6.5,0,1186.83,532.17,859.5,4.95%,1.22%,32.595,3.79%,65.19
142-02,Riz,50.24,15.55,0,2097.71,660.19,1378.95,2.39%,2.36%,32.895,2.39%,65.79
142-03,Riz,20.2,3.05,0,851.89,381.3,616.595,2.37%,0.80%,11.625,1.89%,23.25
142-04,Riz,15.14,7.04,0,3224.38,1575.34,2399.86,0.47%,0.45%,11.09,0.46%,22.18
151-01,Riz,0,0,0,1699.41,0,849.705,0.00%,0.00%,0,0.00%,0
151-02,Riz,0,0,0,945.74,0.91,473.325,0.00%,0.00%,0,0.00%,0
151-03,Riz,0,0.01,0,1160.98,89.45,625.215,0.00%,0.01%,0.005,0.00%,0.01
151-04,Riz,0,0,0,4241.76,3.32,2122.54,0.00%,0.00%,0,0.00%,0
151-05,Riz,0,0,0,98.23,0.5,49.365,0.00%,0.00%,0,0.00%,0
151-06,Riz,0.1,0,0,1133.95,65.9,599.925,0.01%,0.00%,0.05,0.01%,0.1
152-01,Riz,0,0,*,192.03,93.61,142.82,0.00%,0.00%,0,0.00%,0
152-02,Riz,0.44,0,0,278.13,55.56,166.845,0.16%,0.00%,0.22,0.13%,0.44
152-03,Riz,0.05,0,0,292.61,114.16,203.385,0.02%,0.00%,0.025,0.01%,0.05
152-04,Riz,0.03,0,0,322.45,47.26,184.855,0.01%,0.00%,0.015,0.01%,0.03
152-05,Riz,0,0,0,181.26,99.69,140.475,0.00%,0.00%,0,0.00%,0
211-01,Riz,0.21,0,0,1880.4,676.62,1278.51,0.01%,0.00%,0.105,0.01%,0.21
211-02,Riz,0.56,0,0,599.83,38.28,319.055,0.09%,0.00%,0.28,0.09%,0.56
211-03,Riz,0.37,0,0,2433.2,84.18,1258.69,0.02%,0.00%,0.185,0.01%,0.37
211-04,Riz,0.03,0.25,0,692.64,73.69,383.165,0.00%,0.34%,0.14,0.04%,0.28
211-05,Riz,0.05,0,0,534.01,0.35,267.18,0.01%,0.00%,0.025,0.01%,0.05
211-06,Riz,1.1,0.1,0,1421.1,158.16,789.63,0.08%,0.06%,0.6,0.08%,1.2
211-07,Riz,0,0,0,2302.86,1.01,1151.935,0.00%,0.00%,0,0.00%,0
211-08,Riz,0,0,0,812.81,29.02,420.915,0.00%,0.00%,0,0.00%,0
211-09,Riz,0,0,0,1122.42,610.88,866.65,0.00%,0.00%,0,0.00%,0
211-10,Riz,0.08,0.68,0,724.11,9.15,366.63,0.01%,7.43%,0.38,0.10%,0.76
211-11,Riz,0,0,0,2001.22,1071.69,1536.455,0.00%,0.00%,0,0.00%,0
212-01,Riz,0,0.06,0,765.15,194.23,479.69,0.00%,0.03%,0.03,0.01%,0.06
212-02,Riz,0.05,0,0,658.28,157.77,408.025,0.01%,0.00%,0.025,0.01%,0.05
212-03,Riz,0,0,0,1257.75,52.97,655.36,0.00%,0.00%,0,0.00%,0
212-04,Riz,3,0.1,0,1127.79,330.65,729.22,0.27%,0.03%,1.55,0.21%,3.1
212-05,Riz,0,0,0,396.35,6.38,201.365,0.00%,0.00%,0,0.00%,0
213-01,Riz,0,0,0,412.36,72.59,242.475,0.00%,0.00%,0,0.00%,0
213-02,Riz,0.03,0.09,0,734.95,69.37,402.16,0.00%,0.13%,0.06,0.01%,0.12
213-03,Riz,0.01,0.98,0,346.52,191.37,268.945,0.00%,0.51%,0.495,0.18%,0.99
213-04,Riz,0.04,0.07,0,525.59,159.44,342.515,0.01%,0.04%,0.055,0.000,0.11
214-01,Riz,0.03,0.13,0,803.27,488.65,645.96,0.00%,0.03%,0.08,0.01%,0.16
214-02,Riz,0.05,0,0,664.56,262.63,463.595,0.01%,0.00%,0.025,0.01%,0.05
214-03,Riz,0,0,0,715.96,128.65,422.305,0.00%,0.00%,0,0.00%,0
221-01,Riz,0,0.19,0,992.23,58.13,525.18,0.00%,0.33%,0.095,0.02%,0.19
221-02,Riz,0.12,0,0,589.44,33,311.22,0.02%,0.00%,0.06,0.02%,0.12
221-03,Riz,0.08,0,0,787.56,254.01,520.785,0.01%,0.00%,0.04,0.01%,0.08
221-04,Riz,0,0,0,701.16,0.43,350.795,0.00%,0.00%,0,0.00%,0
221-05,Riz,0.21,0,0,1885.97,17.36,951.665,0.01%,0.00%,0.105,0.01%,0.21
221-06,Riz,0,0,0,183.94,0.8,92.37,0.00%,0.00%,0,0.00%,0
221-07,Riz,0,0,0,1179.37,54.72,617.045,0.00%,0.00%,0,0.00%,0
221-08,Riz,0.02,0,0,1502.51,1.77,752.14,0.00%,0.00%,0.01,0.00%,0.02
221-09,Riz,0.06,0,0,1198.4,0.5,599.45,0.01%,0.00%,0.03,0.01%,0.06
222-01,Riz,0.16,0.24,0,1081.63,670.41,876.02,0.01%,0.04%,0.2,0.02%,0.4
222-02,Riz,0,0,0,605.56,517.27,561.415,0.00%,0.00%,0,0.00%,0
222-03,Riz,0,0,0,201.51,17.68,109.595,0.00%,0.00%,0,0.00%,0
222-04,Riz,0,0,0,499.84,328.66,414.25,0.00%,0.00%,0,0.00%,0
222-05,Riz,0.3,0,0,286.33,210.16,248.245,0.10%,0.00%,0.15,0.06%,0.3
222-06,Riz,0.08,0.49,0,1065.89,294.13,680.01,0.01%,0.17%,0.285,0.04%,0.57
231-01,Riz,0,0,0,2334.39,2006.2,2170.295,0.00%,0.00%,0,0.00%,0
231-02,Riz,0.01,0.5,0,1951.73,447.68,1199.705,0.00%,0.11%,0.255,0.02%,0.51
231-03,Riz,0,0.01,0,1583.61,437.91,1010.76,0.00%,0.00%,0.005,0.00%,0.01
231-04,Riz,0.13,0,0,1933.48,1.71,967.595,0.01%,0.00%,0.065,0.01%,0.13
231-05,Riz,0.01,0,0,2015.58,7.93,1011.755,0.00%,0.00%,0.005,0.00%,0.01
231-06,Riz,0.25,0,0,2144.07,205.8,1174.935,0.01%,0.00%,0.125,0.01%,0.25
231-07,Riz,0,0.81,0,1908.86,1111.84,1510.35,0.00%,0.07%,0.405,0.03%,0.81
232-01,Riz,1.01,0,0,2372.77,516.75,1444.76,0.04%,0.00%,0.505,0.03%,1.01
233-01,Riz,3.77,0.75,0,2947.68,514.58,1731.13,0.13%,0.15%,2.26,0.13%,4.52
233-02,Riz,0,0.25,0,2533.09,985.95,1759.52,0.00%,0.03%,0.125,0.01%,0.25
234-01,Riz,0,0,0,234.07,19.65,126.86,0.00%,0.00%,0,0.00%,0
234-02,Riz,0,0.75,0.75,2885.02,1193.66,2039.34,0.00%,0.06%,0.375,0.02%,0.75
311-01,Riz,0.05,0.02,0,470.95,258.95,364.95,0.01%,0.01%,0.035,0.01%,0.07
311-02,Riz,2.41,1.52,0,272.17,245.13,258.65,0.89%,0.62%,1.965,0.76%,3.93
311-03,Riz,0.35,0.25,0,191.4,26.69,109.045,0.18%,0.94%,0.3,0.28%,0.6
312-01,Riz,0,0,0,691.18,43.09,367.135,0.00%,0.00%,0,0.00%,0
312-02,Riz,0,0.13,0,2142.63,319.36,1230.995,0.00%,0.04%,0.065,0.01%,0.13
313-01,Riz,0,0,0,914.23,16.86,465.545,0.00%,0.00%,0,0.00%,0
313-02,Riz,4.41,3.52,0,932.34,291.21,611.775,0.47%,1.21%,3.965,0.65%,7.93
313-03,Riz,1.25,0.66,0,1300.91,756.56,1028.735,0.10%,0.09%,0.955,0.09%,1.91
321-01,Riz,46.05,8.84,0,734.48,144.31,439.395,6.27%,6.13%,27.445,6.25%,54.89
321-02,Riz,147.46,49.51,0,1543.24,421.2,982.22,9.56%,11.75%,98.485,10.03%,196.97
321-03,Riz,98.38,52.38,0,1321.13,424.19,872.66,7.45%,12.35%,75.38,8.64%,150.76
321-04,Riz,38.37,53.98,0,2888.41,813.43,1850.92,1.33%,6.64%,46.175,2.49%,92.35
321-05,Riz,0,0,0,500.95,5.75,253.35,0.00%,0.00%,0,0.00%,0
321-06,Riz,31.45,30.56,0.99,1477.08,782.1,1129.59,2.13%,3.91%,31.005,2.74%,62.01
322-01,Riz,79.56,23.88,0.88,1888.27,179.17,1033.72,4.21%,13.33%,51.72,5.00%,103.44
322-02,Riz,87.09,2.13,0,598.39,74.4,336.395,14.55%,2.86%,44.61,13.26%,89.22
322-03,Riz,21.51,8.01,0,839.55,189.5,514.525,2.56%,4.23%,14.76,2.87%,29.52
322-04,Riz,8.81,0,0,374.58,3.48,189.03,2.35%,0.00%,4.405,2.33%,8.81
323-01,Riz,66.08,1.38,0,1181.18,124.21,652.695,5.59%,1.11%,33.73,5.17%,67.46
323-02,Riz,0,0,0,644.6,0.25,322.425,0.00%,0.00%,0,0.00%,0
323-03,Riz,10.29,0.28,0,824.37,24.96,424.665,1.25%,1.12%,5.285,1.24%,10.57
331-01,Riz,0.18,0,0,553.07,5.02,279.045,0.03%,0.00%,0.09,0.03%,0.18
331-02,Riz,0,0,0,616.68,35.45,326.065,0.00%,0.00%,0,0.00%,0
331-03,Riz,0.09,0,0,985.49,8.52,497.005,0.01%,0.00%,0.045,0.01%,0.09
331-04,Riz,0.05,0,0,853.94,3.58,428.76,0.01%,0.00%,0.025,0.01%,0.05
331-05,Riz,0.13,0.5,1,1707.1,542.98,1125.04,0.01%,0.09%,0.315,0.03%,0.63
331-06,Riz,0,0,0,772.12,1.82,386.97,0.00%,0.00%,0,0.00%,0
332-01,Riz,0.07,0,0,1532.81,155.83,844.32,0.00%,0.00%,0.035,0.00%,0.07
332-02,Riz,0.76,0.25,0,1380.21,67.91,724.06,0.06%,0.37%,0.505,0.07%,1.01
332-03,Riz,0,0,0,1149.83,167.52,658.675,0.00%,0.00%,0,0.00%,0
341-01,Riz,0.55,0.02,0,543.01,67.55,305.28,0.10%,0.03%,0.285,0.09%,0.57
341-02,Riz,1.18,0.63,0,604.52,70.1,337.31,0.20%,0.90%,0.905,0.27%,1.81
341-03,Riz,5.24,21.7,0,668.41,121.08,394.745,0.78%,17.92%,13.47,3.41%,26.94
341-04,Riz,139.74,319.66,0.91,2419.3,540.06,1479.68,5.78%,59.19%,229.7,15.52%,459.4
342-01,Riz,0.11,1.26,0,726.98,241.79,484.385,0.02%,0.52%,0.685,0.14%,1.37
342-02,Riz,0.03,0,0,842.61,122.34,482.475,0.00%,0.00%,0.015,0.00%,0.03
342-03,Riz,9.35,22.96,0,1101.76,161.21,631.485,0.85%,14.24%,16.155,2.56%,32.31
342-04,Riz,0.53,0.32,0,618.54,216.99,417.765,0.09%,0.15%,0.425,0.10%,0.85
342-05,Riz,0.2,1.99,0,807.81,391.61,599.71,0.02%,0.51%,1.095,0.18%,2.19
343-01,Riz,0.9,0.38,0,1290.86,103.96,697.41,0.07%,0.37%,0.64,0.09%,1.28
343-02,Riz,0.58,0,0,1168.97,2.29,585.63,0.05%,0.00%,0.29,0.05%,0.58
343-03,Riz,5.8,0,0,1489.48,5.21,747.345,0.39%,0.00%,2.9,0.39%,5.8
344-01,Riz,1.17,8.27,0.25,2414.74,24.02,1219.38,0.05%,34.43%,4.72,0.39%,9.44
344-02,Riz,6.27,0,0,3924.03,24.68,1974.355,0.16%,0.00%,3.135,0.16%,6.27
345-01,Riz,3.1,0.24,0,1750.61,26.31,888.46,0.18%,0.91%,1.67,0.19%,3.34
351-01,Riz,2.25,0,0,1478.28,41.83,760.055,0.15%,0.00%,1.125,0.15%,2.25
351-02,Riz,3.35,1.43,0,2272.64,257.35,1264.995,0.15%,0.56%,2.39,0.002,4.78
351-03,Riz,2.33,1.04,0,2332.43,12.03,1172.23,0.10%,8.65%,1.685,0.14%,3.37
351-04,Riz,0.06,0,0,985.18,0.31,492.745,0.01%,0.00%,0.03,0.01%,0.06
351-05,Riz,10.34,2.42,0,663.22,5.86,334.54,1.56%,41.30%,6.38,1.91%,12.76
351-06,Riz,14.26,0,0,1605.54,0.76,803.15,0.89%,0.00%,7.13,0.89%,14.26
351-07,Riz,28.68,0,0,4416.52,11.49,2214.005,0.65%,0.00%,14.34,0.65%,28.68
352-01,Riz,0.12,0.06,0,245.32,34.92,140.12,0.05%,0.17%,0.09,0.06%,0.18
352-02,Riz,21.57,0,0,424.17,28.16,226.165,5.09%,0.00%,10.785,4.77%,21.57
352-03,Riz,38.43,1.93,0,1142.28,43.58,592.93,3.36%,4.43%,20.18,3.40%,40.36
352-04,Riz,0,0,0,71.69,4.14,37.915,0.00%,0.00%,0,0.00%,0
352-05,Riz,47.8,3.14,0,500.7,67.78,284.24,9.55%,4.63%,25.47,8.96%,50.94
352-06,Riz,15.72,0,0,1067.36,2,534.68,1.47%,0.00%,7.86,1.47%,15.72
361-01,Riz,53.71,52.17,0,1428.18,99.7,763.94,3.76%,52.33%,52.94,6.93%,105.88
361-02,Riz,12.11,0.88,0,575.82,11.6,293.71,2.10%,7.59%,6.495,2.21%,12.99
361-03,Riz,19.89,1.03,0,1412.45,14.8,713.625,1.41%,6.96%,10.46,1.47%,20.92
361-04,Riz,6.61,5.26,0,1091.27,619.82,855.545,0.61%,0.85%,5.935,0.69%,11.87
361-05,Riz,4.04,0.88,0.25,393.77,34.68,214.225,1.03%,2.54%,2.46,1.15%,4.92
361-06,Riz,0.24,0,0,649.78,19.37,334.575,0.04%,0.00%,0.12,0.04%,0.24
362-01,Riz,50.37,13.33,0,358.34,273.03,315.685,14.06%,4.88%,31.85,10.09%,63.7
362-02,Riz,295.34,4.87,0,991.24,403.58,697.41,29.80%,1.21%,150.105,21.52%,300.21
371-01,Riz,42.1,1.87,0,1338.22,280.62,809.42,3.15%,0.67%,21.985,2.72%,43.97
371-02,Riz,8.73,0,0,1111.44,16.55,563.995,0.79%,0.00%,4.365,0.77%,8.73
371-03,Riz,25.61,0.25,0,1044.61,13.36,528.985,2.45%,1.87%,12.93,2.44%,25.86
371-04,Riz,0.42,0.25,0,1273.23,94.16,683.695,0.03%,0.27%,0.335,0.05%,0.67
371-05,Riz,5.54,0.12,0,939.08,146.05,542.565,0.59%,0.08%,2.83,0.52%,5.66
371-06,Riz,5.43,4.88,0,879.03,450.63,664.83,0.62%,1.08%,5.155,0.78%,10.31
371-07,Riz,1.99,1.5,0,699.4,48.6,374,0.28%,3.09%,1.745,0.47%,3.49
371-08,Riz,0,2,0,3272.89,2974.93,3123.91,0.00%,0.07%,1,0.000,2
372-01,Riz,102.93,0.9,0,2330.51,24.87,1177.69,4.42%,3.62%,51.915,4.41%,103.83
372-02,Riz,9.55,12.57,0,759.45,49.19,404.32,1.26%,25.55%,11.06,2.74%,22.12
372-03,Riz,1.84,2,0,808.95,205.67,507.31,0.23%,0.97%,1.92,0.38%,3.84
372-04,Riz,0,0,0,415.2,3.59,209.395,0.00%,0.00%,0,0.00%,0
372-05,Riz,1.14,0,0,305.48,35.72,170.6,0.37%,0.00%,0.57,0.33%,1.14
372-06,Riz,3.59,0.75,0,480.35,38.71,259.53,0.75%,1.94%,2.17,0.84%,4.34
372-07,Riz,2,0,0,501.67,0.26,250.965,0.40%,0.00%,1,0.40%,2
372-08,Riz,1.06,0,0,3815.89,12.07,1913.98,0.03%,0.00%,0.53,0.03%,1.06
411-01,Riz,77.5,2.5,0,805.91,96.97,451.44,9.62%,2.58%,40,8.86%,80
411-02,Riz,97.2,2.44,0,748.08,670.37,709.225,12.99%,0.36%,49.82,7.02%,99.64
411-03,Riz,35.45,5.1,0,511.51,38.2,274.855,6.93%,13.35%,20.275,7.38%,40.55
411-04,Riz,16.34,0,0,444.27,0,222.135,3.68%,0.00%,8.17,3.68%,16.34
412-01,Riz,427.36,318.87,2,1155.38,381.24,768.31,36.99%,83.64%,373.115,48.56%,746.23
413-01,Riz,32.41,31.71,2.94,412.7,89.92,251.31,7.85%,35.26%,32.06,12.76%,64.12
413-02,Riz,61.77,54.43,15.56,951.84,250.93,601.385,6.49%,21.69%,58.1,9.66%,116.2
421-01,Riz,408.18,345.01,0.32,2231.14,1038.33,1634.735,18.29%,33.23%,376.595,23.04%,753.19
421-02,Riz,299.08,440.45,0,2362.07,1259.12,1810.595,12.66%,34.98%,369.765,20.42%,739.53
421-03,Riz,25.3,16.01,0,3652.17,442.53,2047.35,0.69%,3.62%,20.655,1.01%,41.31
421-04,Riz,25.94,26,0.25,1099.8,257.03,678.415,2.36%,10.12%,25.97,3.83%,51.94
421-05,Riz,42.07,42.31,0.02,2074.04,302.08,1188.06,2.03%,14.01%,42.19,3.55%,84.38
422-01,Riz,0.07,1,0,2392.96,29.41,1211.185,0.00%,3.40%,0.535,0.04%,1.07
422-02,Riz,4.8,0,0,720.34,0,360.17,0.67%,0.00%,2.4,0.67%,4.8
423-01,Riz,321.9,2.95,0,1871.29,3.95,937.62,17.20%,74.68%,162.425,17.32%,324.85
423-02,Riz,215,1,0,1643.49,6.61,825.05,13.08%,15.13%,108,13.09%,216
431-01,Riz,1.25,0.5,0,562.49,314.22,438.355,0.22%,0.16%,0.875,0.20%,1.75
431-02,Riz,10.08,0.25,0.01,2439.87,312.37,1376.12,0.41%,0.08%,5.165,0.38%,10.33
431-03,Riz,111.67,3.59,0.5,703.51,177.18,440.345,15.87%,2.03%,57.63,13.09%,115.26
432-01,Riz,3.32,0.45,0,315.99,11.33,163.66,1.05%,3.97%,1.885,1.15%,3.77
432-02,Riz,0.3,0,0,194,0,97,0.15%,0.00%,0.15,0.15%,0.3
432-03,Riz,10.49,0,0,547.19,0.25,273.72,1.92%,0.00%,5.245,1.92%,10.49
432-04,Riz,2.32,0,0,408.63,2.76,205.695,0.57%,0.00%,1.16,0.56%,2.32
432-05,Riz,1.65,12.03,0,471.89,67.11,269.5,0.35%,17.93%,6.84,2.54%,13.68
432-06,Riz,7.03,0.12,0,1093.58,3.97,548.775,0.64%,3.02%,3.575,0.65%,7.15
433-01,Riz,1.2,0,0,2070.7,972.83,1521.765,0.06%,0.00%,0.6,0.04%,1.2
433-02,Riz,0,1.1,0,466.98,542.29,504.635,0.00%,0.20%,0.55,0.11%,1.1
434-01,Riz,1.43,0,0,1269.48,265.42,767.45,0.11%,0.00%,0.715,0.09%,1.43
434-02,Riz,0,0,0,191.68,12.75,102.215,0.00%,0.00%,0,0.00%,0
441-01,Riz,285.94,268.93,0,2766.99,440.43,1603.71,10.33%,61.06%,277.435,17.30%,554.87
441-02,Riz,152.7,0.98,0,682.64,7.51,345.075,22.37%,13.05%,76.84,22.27%,153.68
441-03,Riz,74.52,0.5,0,960.52,6.31,483.415,7.76%,7.92%,37.51,7.76%,75.02
442-01,Riz,199.94,0,0,2281.48,0,1140.74,8.76%,0.00%,99.97,8.76%,199.94
442-02,Riz,185.57,92.16,0.22,885.13,252.38,568.755,20.97%,36.52%,138.865,24.42%,277.73
443-01,Riz,23.74,9.87,0,2662.57,285.64,1474.105,0.89%,3.46%,16.805,1.14%,33.61
443-02,Riz,344.81,24.97,0,4289.59,49.04,2169.315,8.04%,50.92%,184.89,8.52%,369.78
511-01,Riz,210.99,131.13,7.96,1450.58,932.98,1191.78,14.55%,14.05%,171.06,14.35%,342.12
511-02,Riz,8.25,6.13,0,1704.96,816.46,1260.71,0.48%,0.75%,7.19,0.57%,14.38
511-03,Riz,38.05,192.11,61.75,2111.37,588.87,1350.12,1.80%,32.62%,115.08,8.52%,230.16
511-04,Riz,17.14,41.84,19.97,1520.27,1511.5,1515.885,1.13%,2.77%,29.49,1.95%,58.98
511-05,Riz,0.13,0.17,1.13,1903.36,1349.68,1626.52,0.01%,0.01%,0.15,0.01%,0.3
512-01,Riz,0.01,0.07,0,2465.25,1042.22,1753.735,0.00%,0.01%,0.04,0.00%,0.08
512-02,Riz,4.34,4.72,28.98,2599.53,1391.51,1995.52,0.17%,0.34%,4.53,0.23%,9.06
512-03,Riz,0.75,0.25,0,851.9,7.58,429.74,0.09%,3.30%,0.5,0.12%,1
512-04,Riz,0.63,0.77,0,869.44,83.35,476.395,0.07%,0.92%,0.7,0.15%,1.4
513-01,Riz,133.84,207.03,0,1534.25,475.54,1004.895,8.72%,43.54%,170.435,16.96%,340.87
513-02,Riz,656.14,647.47,0,873.32,661.85,767.585,75.13%,97.83%,651.805,84.92%,1303.61
521-01,Riz,0,0.5,0,728.3,18.45,373.375,0.00%,2.71%,0.25,0.07%,0.5
521-02,Riz,1.75,1.25,0,1772.17,16.8,894.485,0.10%,7.44%,1.5,0.17%,3
521-03,Riz,0.25,0,0,2038.93,124.23,1081.58,0.01%,0.00%,0.125,0.01%,0.25
521-04,Riz,0.07,0,0,2387.83,85.54,1236.685,0.00%,0.00%,0.035,0.00%,0.07
521-05,Riz,1.01,0,0,1604.11,4.01,804.06,0.06%,0.00%,0.505,0.06%,1.01
521-06,Riz,0.69,0,0,3342.97,77.58,1710.275,0.02%,0.00%,0.345,0.02%,0.69
521-07,Riz,0.12,0,0,1880.51,144.18,1012.345,0.01%,0.00%,0.06,0.01%,0.12
521-08,Riz,50.11,1.49,0,1875.94,1395.04,1635.49,2.67%,0.11%,25.8,1.58%,51.6
522-01,Riz,1.77,0,0,1587.55,16.86,802.205,0.11%,0.00%,0.885,0.11%,1.77
522-02,Riz,0,0,0,442.43,0.25,221.34,0.00%,0.00%,0,0.00%,0
522-03,Riz,0.18,0,0,2901.66,38.84,1470.25,0.01%,0.00%,0.09,0.01%,0.18
523-01,Riz,1.89,0,0,4766.17,8.05,2387.11,0.04%,0.00%,0.945,0.04%,1.89
523-02,Riz,0.77,4.78,0,1829.45,1258.16,1543.805,0.04%,0.38%,2.775,0.18%,5.55
531-01,Riz,10.24,4.64,0,2124.24,237.37,1180.805,0.48%,1.95%,7.44,0.63%,14.88
531-02,Riz,84.34,44.73,5.87,4129.71,226.89,2178.3,2.04%,19.71%,64.535,2.96%,129.07
531-03,Riz,7.03,0,0,2016.37,35,1025.685,0.35%,0.00%,3.515,0.34%,7.03
531-04,Riz,317.57,121.73,3.29,2551.47,491.1,1521.285,12.45%,24.79%,219.65,14.44%,439.3
531-05,Riz,2343.23,1852.82,443.32,3021.79,2887.44,2954.615,77.54%,64.17%,2098.025,71.01%,4196.05
531-06,Riz,31.66,11.77,0.5,603.06,73.23,338.145,5.25%,16.07%,21.715,6.42%,43.43
532-01,Riz,892.28,483.61,7.2,1373.99,1134.56,1254.275,64.94%,42.63%,687.945,54.85%,1375.89
532-02,Riz,567.96,226.56,87.09,1304.84,839.07,1071.955,43.53%,27.00%,397.26,37.06%,794.52
532-03,Riz,22.71,330.18,5.35,725.6,469.23,597.415,3.13%,70.37%,176.445,29.53%,352.89
532-04,Riz,117.58,140.5,10.5,1834.66,299.71,1067.185,6.41%,46.88%,129.04,12.09%,258.08
532-05,Riz,5.16,101.26,1.5,3199.4,232.37,1715.885,0.16%,43.58%,53.21,3.10%,106.42
532-06,Riz,0,0,0,1470.41,33.12,751.765,0.00%,0.00%,0,0.00%,0
533-01,Riz,8.92,6.79,15.69,2376.62,293.65,1335.135,0.38%,2.31%,7.855,0.59%,15.71
533-02,Riz,2.93,7.5,1.45,1753.92,86.1,920.01,0.17%,8.71%,5.215,0.57%,10.43
541-01,Riz,1643.78,1280.26,0.43,1779.53,1756.57,1768.05,92.37%,72.88%,1462.02,82.69%,2924.04
541-02,Riz,3123.32,2124.61,0,3190.95,3046.61,3118.78,97.88%,69.74%,2623.965,84.13%,5247.93
541-03,Riz,2623.85,762.67,39.5,2960.09,2763.98,2862.035,88.64%,27.59%,1693.26,59.16%,3386.52
541-04,Riz,707.81,99.28,6.02,1651.78,913.18,1282.48,42.85%,10.87%,403.545,31.47%,807.09
541-05,Riz,2.08,0,0,1297.21,13.78,655.495,0.16%,0.00%,1.04,0.16%,2.08
541-06,Riz,13.5,6.9,0,3801.78,81.19,1941.485,0.36%,8.50%,10.2,0.53%,20.4
542-01,Riz,2818.87,2292.18,4.01,2885.4,2853.14,2869.27,97.69%,80.34%,2555.525,89.07%,5111.05
542-02,Riz,1242.66,561.66,3.27,1383.46,1262.68,1323.07,89.82%,44.48%,902.16,68.19%,1804.32
542-03,Riz,287.44,46.4,11.99,1094.92,350.43,722.675,26.25%,13.24%,166.92,0.231,333.84
542-04,Riz,383.79,168.35,78.63,2590.45,619.91,1605.18,14.82%,27.16%,276.07,0.172,552.14
542-05,Riz,104.75,3.57,0,3777.93,78.54,1928.235,2.77%,4.55%,54.16,0.028,108.32
542-06,Riz,15.55,19.33,0.4,3313.91,114.34,1714.125,0.47%,16.91%,17.44,0.010,34.88
543-01,Riz,1834.71,1185.67,1.1,1937.16,1318.69,1627.925,94.71%,89.91%,1510.19,92.77%,3020.38
544-01,Riz,1317.16,1218.56,0,1357.74,1244.42,1301.08,97.01%,97.92%,1267.86,97.45%,2535.72
551-01,Riz,22.26,3.11,0,2680.83,9.48,1345.155,0.83%,32.81%,12.685,0.94%,25.37
551-02,Riz,0.34,0,0,1412.54,0.05,706.295,0.02%,0.00%,0.17,0.02%,0.34
551-03,Riz,0.25,0,0,3101.89,3.07,1552.48,0.01%,0.00%,0.125,0.01%,0.25
551-04,Riz,4.99,0,0,4116.1,27,2071.55,0.12%,0.00%,2.495,0.12%,4.99
551-05,Riz,21.63,1.33,0,2288.7,83.64,1186.17,0.95%,1.59%,11.48,0.97%,22.96
551-06,Riz,67.62,9.47,0,2519.63,32.23,1275.93,2.68%,29.38%,38.545,3.02%,77.09
551-07,Riz,227.33,72.18,8.33,1888.57,234.87,1061.72,12.04%,30.73%,149.755,14.10%,299.51
551-08,Riz,11.72,0.29,0,1722.5,36.84,879.67,0.68%,0.79%,6.005,0.68%,12.01
552-01,Riz,0.47,0,0,1287.51,114.86,701.185,0.04%,0.00%,0.235,0.03%,0.47
552-02,Riz,0.09,0,0,1324.09,125.64,724.865,0.01%,0.00%,0.045,0.01%,0.09
552-03,Riz,0.13,0,0,349.79,4.44,177.115,0.04%,0.00%,0.065,0.04%,0.13
611-01,Riz,7.1,44.88,0,7924.41,4203.58,6063.995,0.09%,1.07%,25.99,0.43%,51.98
611-02,Riz,1.58,1.87,0.5,6278.51,4401.6,5340.055,0.03%,0.04%,1.725,0.03%,3.45
611-03,Riz,0.3,0.03,0,6597.48,2112.49,4354.985,0.00%,0.00%,0.165,0.00%,0.33
611-04,Riz,0.75,15.84,0,6588.44,3632.15,5110.295,0.01%,0.44%,8.295,0.16%,16.59
612-01,Riz,17.36,46.03,0,6173.04,1720.22,3946.63,0.28%,2.68%,31.695,0.80%,63.39
612-02,Riz,0.5,57.22,0,1477.65,1204.07,1340.86,0.03%,4.75%,28.86,2.15%,57.72
612-03,Riz,12.54,0,0,4802.03,25.73,2413.88,0.26%,0.00%,6.27,0.26%,12.54
613-01,Riz,3.74,8,0,3451.14,1479.11,2465.125,0.11%,0.54%,5.87,0.24%,11.74
613-02,Riz,3.28,0.55,0,2864.13,191.59,1527.86,0.11%,0.29%,1.915,0.13%,3.83
613-03,Riz,0.07,12.1,0,4773.56,1992.61,3383.085,0.00%,0.61%,6.085,0.18%,12.17
613-04,Riz,0.42,0.3,0,2037.11,1581.66,1809.385,0.02%,0.02%,0.36,0.02%,0.72
614-01,Riz,0.94,4.75,0,6697.62,2739.84,4718.73,0.01%,0.17%,2.845,0.06%,5.69
621-01,Riz,14.03,20.3,0.5,2216.34,532.99,1374.665,0.63%,3.81%,17.165,1.25%,34.33
621-02,Riz,116.65,23.48,0.5,3926.61,345.1,2135.855,2.97%,6.80%,70.065,3.28%,140.13
621-03,Riz,27.88,0.25,0,3771.68,25.32,1898.5,0.74%,0.99%,14.065,0.74%,28.13
621-04,Riz,5.83,0.99,0,2952.22,61.07,1506.645,0.20%,1.62%,3.41,0.23%,6.82
622-01,Riz,0.64,0.25,0,1263.08,13.71,638.395,0.05%,1.82%,0.445,0.07%,0.89
622-02,Riz,15.49,3.15,0,1407.88,105.23,756.555,1.10%,2.99%,9.32,1.23%,18.64
622-03,Riz,92.34,22.13,0,1309.53,124.57,717.05,7.05%,17.77%,57.235,7.98%,114.47
622-04,Riz,13.81,12.26,15.02,4784.47,2248.95,3516.71,0.29%,0.55%,13.035,0.37%,26.07
623-01,Riz,4.48,0.7,0,2663.28,129.43,1396.355,0.17%,0.54%,2.59,0.19%,5.18
623-02,Riz,19.24,7.91,0,2314.82,79.36,1197.09,0.83%,9.97%,13.575,1.13%,27.15
623-03,Riz,2.05,7.71,0,3591.6,90.14,1840.87,0.06%,8.55%,4.88,0.27%,9.76
631-01,Riz,0.94,4.96,0,3152.82,300.57,1726.695,0.03%,1.65%,2.95,0.17%,5.9
631-02,Riz,49.09,15.56,0.49,4276.09,1231.38,2753.735,1.15%,1.26%,32.325,1.17%,64.65
632-01,Riz,2.28,3.75,0,5299.77,1860.77,3580.27,0.04%,0.20%,3.015,0.08%,6.03
632-02,Riz,14.88,1.46,0,3269.38,877.77,2073.575,0.46%,0.17%,8.17,0.39%,16.34
632-03,Riz,3.04,5.09,0,2445.32,789.64,1617.48,0.12%,0.64%,4.065,0.25%,8.13
633-01,Riz,0.6,49.5,3.82,2056.06,80.41,1068.235,0.03%,61.56%,25.05,2.34%,50.1
633-02,Riz,0,0.5,23.4,4856.33,43.69,2450.01,0.00%,1.14%,0.25,0.01%,0.5
641-01,Riz,8,142.4,3.95,8462.22,4759.71,6610.965,0.09%,2.99%,75.2,1.14%,150.4
641-02,Riz,4.79,0.55,0,5304.8,1449.54,3377.17,0.09%,0.04%,2.67,0.08%,5.34
641-03,Riz,243.37,47.86,0,5908.78,5384.5,5646.64,4.12%,0.89%,145.615,2.58%,291.23
642-01,Riz,0.92,3.13,0,4038.19,3605.97,3822.08,0.02%,0.09%,2.025,0.05%,4.05
642-02,Riz,0.74,1.55,0,7761.17,7396.56,7578.865,0.01%,0.02%,1.145,0.02%,2.29
711-01,Riz,313.52,299.26,154.09,848.15,477.71,662.93,36.97%,62.64%,306.39,46.22%,612.78
711-02,Riz,17.01,11.58,0.6,1974.71,540.41,1257.56,0.86%,2.14%,14.295,1.14%,28.59
711-03,Riz,15.85,10.92,0,1172.13,924.28,1048.205,1.35%,1.18%,13.385,1.28%,26.77
711-04,Riz,159.49,157.03,0,1518.23,905.83,1212.03,10.50%,17.34%,158.26,13.06%,316.52
711-05,Riz,0,0,0,807.37,650.5,728.935,0.00%,0.00%,0,0.00%,0
711-06,Riz,1.16,0.06,0,752.6,221.05,486.825,0.15%,0.03%,0.61,0.13%,1.22
712-01,Riz,176.17,152.78,2.13,757.49,357.02,557.255,23.26%,42.79%,164.475,29.52%,328.95
712-02,Riz,23.18,20,0.56,1011.4,339.65,675.525,2.29%,5.89%,21.59,3.20%,43.18
712-03,Riz,7.25,2.42,0,316.42,101.17,208.795,2.29%,2.39%,4.835,2.32%,9.67
712-04,Riz,0.03,0,0,696.63,316.9,506.765,0.00%,0.00%,0.015,0.00%,0.03
713-01,Riz,27.47,23.45,0,814.79,248.12,531.455,3.37%,9.45%,25.46,4.79%,50.92
713-02,Riz,7.56,27.96,0,1033.69,721.17,877.43,0.73%,3.88%,17.76,2.02%,35.52
713-03,Riz,0,0.37,0,2756.63,325.06,1540.845,0.00%,0.11%,0.185,0.01%,0.37
714-01,Riz,1.68,0.72,0,460.9,249.36,355.13,0.36%,0.29%,1.2,0.34%,2.4
714-02,Riz,0,0,0,628.53,271.07,449.8,0.00%,0.00%,0,0.00%,0
714-03,Riz,0.27,0.06,0.06,314.84,93.6,204.22,0.09%,0.06%,0.165,0.08%,0.33
715-01,Riz,4.02,2.62,0,695.49,127.24,411.365,0.58%,2.06%,3.32,0.81%,6.64
715-02,Riz,2.25,0.21,0,794.24,71.24,432.74,0.28%,0.29%,1.23,0.28%,2.46
715-03,Riz,4.81,38.28,0,924.14,163.52,543.83,0.52%,23.41%,21.545,3.96%,43.09
716-01,Riz,0.25,0,0,1908.81,327.96,1118.385,0.01%,0.00%,0.125,0.01%,0.25
721-01,Riz,0.24,0,0,1044.96,801.81,923.385,0.02%,0.00%,0.12,0.01%,0.24
721-02,Riz,0.13,0.18,0,590.5,564.12,577.31,0.02%,0.03%,0.155,0.03%,0.31
722-01,Riz,0.25,0,0,830.75,625,727.875,0.03%,0.00%,0.125,0.02%,0.25
722-02,Riz,0,0.08,0,1038.6,730.6,884.6,0.00%,0.01%,0.04,0.00%,0.08
722-03,Riz,20.13,9.34,0,739.76,518.6,629.18,2.72%,1.80%,14.735,2.34%,29.47
723-01,Riz,1.37,0.82,0,397.37,235.35,316.36,0.34%,0.35%,1.095,0.35%,2.19
723-02,Riz,6.61,1.69,0.06,1179.25,710.99,945.12,0.56%,0.24%,4.15,0.44%,8.3
723-03,Riz,1.19,1.08,0,553.42,424.84,489.13,0.22%,0.25%,1.135,0.23%,2.27
731-01,Riz,17.57,17.14,0.07,793.4,652.05,722.725,2.21%,2.63%,17.355,2.40%,34.71
731-02,Riz,0,0,0,313.7,223.3,268.5,0.00%,0.00%,0,0.00%,0
731-03,Riz,0,0,0,353.92,34.37,194.145,0.00%,0.00%,0,0.00%,0
731-04,Riz,0.54,0.75,0,1364.68,819.57,1092.125,0.04%,0.09%,0.645,0.06%,1.29
731-05,Riz,0.28,0.1,0,433.04,276.14,354.59,0.06%,0.04%,0.19,0.05%,0.38
731-06,Riz,0.33,0.3,0,1225.95,972.28,1099.115,0.03%,0.03%,0.315,0.03%,0.63
731-07,Riz,0.45,0,0,1165.35,829.63,997.49,0.04%,0.00%,0.225,0.02%,0.45
731-08,Riz,0,6.87,0,786.42,389.28,587.85,0.00%,1.76%,3.435,0.58%,6.87
731-09,Riz,0,0,0,417.64,329.7,373.67,0.00%,0.00%,0,0.00%,0
731-10,Riz,1.1,52.77,0,658.28,571.91,615.095,0.17%,9.23%,26.935,4.38%,53.87
732-01,Riz,0.38,0.38,0,510.38,352.92,431.65,0.07%,0.11%,0.38,0.09%,0.76
732-02,Riz,44.56,29.52,1.64,1323.53,704.23,1013.88,3.37%,4.19%,37.04,3.65%,74.08
732-03,Riz,32.23,23.82,0,1024.53,233.57,629.05,3.15%,10.20%,28.025,4.46%,56.05
732-04,Riz,4.03,2.63,0,451.92,37.94,244.93,0.89%,6.93%,3.33,1.36%,6.66
732-05,Riz,4.42,4.37,0,898.8,278.11,588.455,0.49%,1.57%,4.395,0.75%,8.79
732-06,Riz,116.06,16.53,0,609.1,38.64,323.87,19.05%,42.78%,66.295,20.47%,132.59
732-07,Riz,0,0.5,0,497.14,335.54,416.34,0.00%,0.15%,0.25,0.06%,0.5
732-08,Riz,0,0.01,0,797.83,785.52,791.675,0.00%,0.00%,0.005,0.00%,0.01
733-01,Riz,1.51,2.05,0,1301.77,1038.63,1170.2,0.12%,0.20%,1.78,0.15%,3.56
733-02,Riz,108.89,4.32,0,1767.69,1509.05,1638.37,6.16%,0.29%,56.605,3.45%,113.21
733-03,Riz,21.31,2.44,0,614.92,552.59,583.755,3.47%,0.44%,11.875,2.03%,23.75
733-04,Riz,0.78,0.94,0,985.76,995.02,990.39,0.08%,0.09%,0.86,0.09%,1.72
733-05,Riz,0,0,0,487.38,177.54,332.46,0.00%,0.00%,0,0.00%,0
741-01,Riz,0.97,1.41,0,944.98,355.94,650.46,0.10%,0.40%,1.19,0.18%,2.38
741-02,Riz,0,0,0,631.51,145.71,388.61,0.00%,0.00%,0,0.00%,0
741-03,Riz,0,0.38,0,756.88,197.99,477.435,0.00%,0.19%,0.19,0.04%,0.38
742-01,Riz,0,0,0,155.44,40.69,98.065,0.00%,0.00%,0,0.00%,0
742-02,Riz,0.25,0,0,848.3,82.45,465.375,0.03%,0.00%,0.125,0.03%,0.25
743-01,Riz,0.35,0.2,0,538.59,265.58,402.085,0.06%,0.08%,0.275,0.07%,0.55
743-02,Riz,0,0.01,0,319.47,153.92,236.695,0.00%,0.01%,0.005,0.00%,0.01
743-03,Riz,0.5,0,0,347.11,170.57,258.84,0.14%,0.00%,0.25,0.10%,0.5
751-01,Riz,0.01,0,0,548.46,27.09,287.775,0.00%,0.00%,0.005,0.00%,0.01
751-02,Riz,3.6,2.3,0,1489.78,286.89,888.335,0.24%,0.80%,2.95,0.33%,5.9
751-03,Riz,0,0,0,1040.54,214.43,627.485,0.00%,0.00%,0,0.00%,0
752-01,Riz,97.87,97.97,25.07,1182.69,986.26,1084.475,8.28%,9.93%,97.92,9.03%,195.84
752-02,Riz,0,0.85,0,1042.09,850.95,946.52,0.00%,0.10%,0.425,0.04%,0.85
752-03,Riz,0,0,2.75,2822.88,163.95,1493.415,0.00%,0.00%,0,0.00%,0
753-01,Riz,4,6.06,0,1009.65,803.39,906.52,0.40%,0.75%,5.03,0.55%,10.06
753-02,Riz,1.82,2.97,0,1454.53,815.29,1134.91,0.13%,0.36%,2.395,0.21%,4.79
753-03,Riz,3.83,1.5,0,1989.97,466.3,1228.135,0.19%,0.32%,2.665,0.22%,5.33
753-04,Riz,10,8.25,0,773.69,122.75,448.22,1.29%,6.72%,9.125,2.04%,18.25
811-01,Riz,0.27,0.1,0,724.16,357,540.58,0.04%,0.03%,0.185,0.03%,0.37
811-02,Riz,0.06,0.05,0,2481.06,475.19,1478.125,0.00%,0.01%,0.055,0.00%,0.11
811-03,Riz,9.37,0.75,0,2103.85,1000.57,1552.21,0.45%,0.07%,5.06,0.33%,10.12
811-04,Riz,0.03,0,0.12,1518.33,982.28,1250.305,0.00%,0.00%,0.015,0.00%,0.03
811-05,Riz,0,0,0,886.45,14.44,450.445,0.00%,0.00%,0,0.00%,0
811-06,Riz,21.35,144.42,20.45,2517.76,2349.95,2433.855,0.85%,6.15%,82.885,3.41%,165.77
811-07,Riz,1.27,0.25,0.25,535.6,139.8,337.7,0.24%,0.18%,0.76,0.23%,1.52
811-08,Riz,2.03,7.54,1.98,559.95,383.92,471.935,0.36%,1.96%,4.785,1.01%,9.57
811-09,Riz,0,0,0,482.33,113.81,298.07,0.00%,0.00%,0,0.00%,0
812-01,Riz,0,0,0,992.66,120.59,556.625,0.00%,0.00%,0,0.00%,0
812-02,Riz,0.4,0,0,766.06,141.74,453.9,0.05%,0.00%,0.2,0.04%,0.4
812-03,Riz,1.94,0,0,1022.45,83.57,553.01,0.19%,0.00%,0.97,0.18%,1.94
812-04,Riz,0.38,0,0,707.48,12,359.74,0.05%,0.00%,0.19,0.05%,0.38
813-01,Riz,0,0,0,883.44,37.92,460.68,0.00%,0.00%,0,0.00%,0
814-01,Riz,0.13,0,0,881.58,340.04,610.81,0.01%,0.00%,0.065,0.01%,0.13
814-02,Riz,182.48,5.34,0.03,1178,833.31,1005.655,15.49%,0.64%,93.91,9.34%,187.82
814-03,Riz,20.58,25.48,13.33,2025.46,1149.04,1587.25,1.02%,2.22%,23.03,1.45%,46.06
815-01,Riz,22.89,2.48,0,1498.08,159.56,828.82,1.53%,1.55%,12.685,1.53%,25.37
815-02,Riz,22.81,7.9,0.67,2180.66,628.58,1404.62,1.05%,1.26%,15.355,1.09%,30.71
821-01,Riz,186.9,11,0,1244.44,101.83,673.135,15.02%,10.80%,98.95,14.70%,197.9
821-02,Riz,155.23,117.5,18.92,1184.32,692.14,938.23,13.11%,16.98%,136.365,14.53%,272.73
821-03,Riz,96.53,97.7,1,1554.91,600.69,1077.8,6.21%,16.26%,97.115,9.01%,194.23
821-04,Riz,33.61,0.05,0,759,1.36,380.18,4.43%,3.68%,16.83,4.43%,33.66
822-01,Riz,50.9,0,0,1168.44,0,584.22,4.36%,0.00%,25.45,4.36%,50.9
822-02,Riz,15.4,0,0,535.13,0,267.565,2.88%,0.00%,7.7,0.029,15.4
822-03,Riz,1.94,0,0,867.66,28.93,448.295,0.22%,0.00%,0.97,0.22%,1.94
822-04,Riz,0,0,0,910.78,1.38,456.08,0.00%,0.00%,0,0.00%,0
822-05,Riz,0.05,0,0,827.77,3.16,415.465,0.01%,0.00%,0.025,0.01%,0.05
823-01,Riz,59.08,13.88,0,1239.15,585.05,912.1,4.77%,2.37%,36.48,4.00%,72.96
823-02,Riz,241.99,0,0,944.08,1.96,473.02,25.63%,0.00%,120.995,25.58%,241.99
823-03,Riz,44.98,0,0,285.91,0,142.955,15.73%,0.00%,22.49,15.73%,44.98
831-01,Riz,17.06,11.68,0,586.11,29.14,307.625,2.91%,40.08%,14.37,4.67%,28.74
831-02,Riz,22.77,53.03,0,591.86,565.91,578.885,3.85%,9.37%,37.9,6.55%,75.8
831-03,Riz,17.98,19.47,0,775.2,586.83,681.015,2.32%,3.32%,18.725,2.75%,37.45
832-01,Riz,0.02,0,0,890.47,152.06,521.265,0.00%,0.00%,0.01,0.00%,0.02
832-02,Riz,0.06,0,0.1,2513.8,1292.88,1903.34,0.00%,0.00%,0.03,0.00%,0.06
832-03,Riz,0,0,0,1038.62,612.7,825.66,0.00%,0.00%,0,0.00%,0
832-04,Riz,0,0,0,1015.79,181.87,598.83,0.00%,0.00%,0,0.00%,0
833-01,Riz,0.08,0,0,2953.33,1216.83,2085.08,0.00%,0.00%,0.04,0.00%,0.08
833-02,Riz,0,0,0,347.16,55.55,201.355,0.00%,0.00%,0,0.00%,0
833-03,Riz,0.01,0.01,0,2296.62,1068.34,1682.48,0.00%,0.00%,0.01,0.00%,0.02
834-01,Riz,0,0,0,1943.77,1.61,972.69,0.00%,0.00%,0,0.00%,0
834-02,Riz,0,0,0,1320.09,0.83,660.46,0.00%,0.00%,0,0.00%,0
834-03,Riz,0,0,0,2121.42,28.2,1074.81,0.00%,0.00%,0,0.00%,0
834-04,Riz,1,1,0,2016.73,65.18,1040.955,0.05%,1.53%,1,0.10%,2
834-05,Riz,0,0,0,1611.12,186.02,898.57,0.00%,0.00%,0,0.00%,0
834-06,Riz,0,0,0,448.91,0.57,224.74,0.00%,0.00%,0,0.00%,0
911-01,Riz,0,0,0,1526.93,132.04,829.485,0.00%,0.00%,0,0.00%,0
911-02,Riz,0,0.01,0,1510.93,213.09,862.01,0.00%,0.00%,0.005,0.00%,0.01
911-03,Riz,0,0,0,867.49,46.07,456.78,0.00%,0.00%,0,0.00%,0
911-04,Riz,1.77,0,0.01,3507.8,1743.4,2625.6,0.05%,0.00%,0.885,0.03%,1.77
911-05,Riz,0,0,0,3377.84,448.67,1913.255,0.00%,0.00%,0,0.00%,0
911-06,Riz,0.45,0,0,3019,13.04,1516.02,0.01%,0.00%,0.225,0.01%,0.45
912-01,Riz,0.02,0,0,5192.22,72.66,2632.44,0.00%,0.00%,0.01,0.00%,0.02
912-02,Riz,0.01,0,0,4077.71,82.4,2080.055,0.00%,0.00%,0.005,0.00%,0.01
913-01,Riz,0,0,0,1764.29,80.8,922.545,0.00%,0.00%,0,0.00%,0
913-02,Riz,0.1,0,0,945,261.93,603.465,0.01%,0.00%,0.05,0.01%,0.1
913-03,Riz,2.29,0,0,2405.82,6.3,1206.06,0.10%,0.00%,1.145,0.09%,2.29
914-01,Riz,0.19,0,0,1539.28,139.85,839.565,0.01%,0.00%,0.095,0.01%,0.19
914-02,Riz,0,0,0,1547.78,119.07,833.425,0.00%,0.00%,0,0.00%,0
921-01,Riz,0.01,0.08,0,1016.97,44.55,530.76,0.00%,0.18%,0.045,0.01%,0.09
921-02,Riz,0,0,0,1149.02,0,574.51,0.00%,0.00%,0,0.00%,0
921-03,Riz,1.11,1,0,2109.8,212.73,1161.265,0.05%,0.47%,1.055,0.09%,2.11
921-04,Riz,0,0,0,1317.88,49.9,683.89,0.00%,0.00%,0,0.00%,0
921-05,Riz,0.27,0,0,630.28,0.54,315.41,0.04%,0.00%,0.135,0.04%,0.27
921-06,Riz,0.95,0,0,1080.32,76.49,578.405,0.09%,0.00%,0.475,0.08%,0.95
922-01,Riz,0.1,0.49,0,950.23,554.63,752.43,0.01%,0.09%,0.295,0.04%,0.59
922-02,Riz,0.25,0.03,0,272.2,109.85,191.025,0.09%,0.03%,0.14,0.07%,0.28
922-03,Riz,0,0,0,170.26,33.33,101.795,0.00%,0.00%,0,0.00%,0
931-01,Riz,0.24,0.2,0,1479.61,786.3,1132.955,0.02%,0.03%,0.22,0.02%,0.44
931-02,Riz,0,0,0,1367.6,59.36,713.48,0.00%,0.00%,0,0.00%,0
931-03,Riz,0.25,0,0,487.65,231,359.325,0.05%,0.00%,0.125,0.03%,0.25
932-01,Riz,0.03,0,0,413.74,27.63,220.685,0.01%,0.00%,0.015,0.01%,0.03
932-02,Riz,0.09,0,0,508.07,54.18,281.125,0.02%,0.00%,0.045,0.02%,0.09
932-03,Riz,0.22,0.05,0,1917.64,835.33,1376.485,0.01%,0.01%,0.135,0.01%,0.27
932-04,Riz,0,0,0,538.88,64,301.44,0.00%,0.00%,0,0.00%,0
933-01,Riz,0.12,0.15,0,1875.94,1810.65,1843.295,0.01%,0.01%,0.135,0.01%,0.27
933-02,Riz,0.05,0.69,0,2481.88,950.78,1716.33,0.00%,0.07%,0.37,0.02%,0.74
933-03,Riz,0,0,0,2202.69,770.29,1486.49,0.00%,0.00%,0,0.00%,0
934-01,Riz,0.63,0,0,5793.8,5085,5439.4,0.01%,0.00%,0.315,0.01%,0.63
934-02,Riz,0,1.69,0,2462.72,1983.02,2222.87,0.00%,0.09%,0.845,0.04%,1.69
934-03,Riz,0.23,0.85,0.2,3565.35,1164.85,2365.1,0.01%,0.07%,0.54,0.02%,1.08
934-04,Riz,0.51,0.25,0,1473.07,1118.01,1295.54,0.03%,0.02%,0.38,0.03%,0.76
934-05,Riz,0.36,1.28,0,873.87,609.4,741.635,0.04%,0.21%,0.82,0.11%,1.64
934-06,Riz,0.43,2.86,0,1038.55,732.65,885.6,0.04%,0.39%,1.645,0.19%,3.29
934-07,Riz,0.2,0,0,1814.42,367.67,1091.045,0.01%,0.00%,0.1,0.000,0.2
1011-01,Riz,1.44,12.53,0.58,1191.31,941.41,1066.36,0.12%,1.33%,6.985,0.66%,13.97
1011-02,Riz,50.85,53.18,0.63,1976.43,1832.52,1904.475,2.57%,2.90%,52.015,2.73%,104.03
1011-03,Riz,0.03,0.36,0,1373.14,1262.66,1317.9,0.00%,0.03%,0.195,0.01%,0.39
1011-04,Riz,111.89,115.57,0,698.43,623.57,661,16.02%,18.53%,113.73,17.21%,227.46
1012-01,Riz,1.26,2.4,0,927.45,443.82,685.635,0.14%,0.54%,1.83,0.27%,3.66
1012-02,Riz,1.85,4.13,0,596.25,246.95,421.6,0.31%,1.67%,2.99,0.71%,5.98
1012-03,Riz,0.01,0.13,0,265.48,42.5,153.99,0.00%,0.31%,0.07,0.05%,0.14
1012-04,Riz,0,0.4,0,936.05,833.49,884.77,0.00%,0.05%,0.2,0.02%,0.4
1013-01,Riz,0.68,0,0,861.88,393.42,627.65,0.08%,0.00%,0.34,0.05%,0.68
1013-02,Riz,0.33,0.25,0,759.13,142.98,451.055,0.04%,0.17%,0.29,0.06%,0.58
1013-03,Riz,48.48,47.32,22.53,911.31,777.53,844.42,5.32%,6.09%,47.9,5.67%,95.8
1013-04,Riz,1.26,1.05,0.1,605.41,103.11,354.26,0.21%,1.02%,1.155,0.33%,2.31
1014-01,Riz,0.18,0.01,0,1309.33,178.16,743.745,0.01%,0.01%,0.095,0.01%,0.19
1014-02,Riz,0.08,0.25,0,874.75,84.03,479.39,0.01%,0.30%,0.165,0.03%,0.33
1021-01,Riz,0,0.12,0,706.78,284.31,495.545,0.00%,0.04%,0.06,0.01%,0.12
1021-02,Riz,3.95,0.54,0,720.01,226.5,473.255,0.55%,0.24%,2.245,0.47%,4.49
1021-03,Riz,17.06,15.65,0,952.08,60.09,506.085,1.79%,26.04%,16.355,3.23%,32.71
1022-01,Riz,0.1,0.25,0,981.88,136.85,559.365,0.01%,0.18%,0.175,0.03%,0.35
1022-02,Riz,0.28,0.05,0,1075.69,131.8,603.745,0.03%,0.04%,0.165,0.03%,0.33
1022-03,Riz,1.09,0,0,626.62,190.06,408.34,0.17%,0.00%,0.545,0.13%,1.09
1023-01,Riz,1.03,0.37,0,1134.98,530.42,832.7,0.09%,0.07%,0.7,0.08%,1.4
1023-02,Riz,0,0.75,0,519.65,145.53,332.59,0.00%,0.52%,0.375,0.11%,0.75
1023-03,Riz,0,0.69,0,1507.75,814.18,1160.965,0.00%,0.08%,0.345,0.03%,0.69
1023-04,Riz,0,1.44,0,969.93,769.15,869.54,0.00%,0.19%,0.72,0.08%,1.44
1024-01,Riz,0.01,0,0,751.98,0,375.99,0.00%,0.00%,0.005,0.00%,0.01
1024-02,Riz,3.83,1.49,0,1196.87,217.47,707.17,0.32%,0.69%,2.66,0.38%,5.32
1024-03,Riz,0,0,0,441.29,1.45,221.37,0.00%,0.00%,0,0.00%,0
1025-01,Riz,2.12,4.56,0,893.93,156.9,525.415,0.24%,2.91%,3.34,0.64%,6.68
1025-02,Riz,0.01,0,0,549.61,81.49,315.55,0.00%,0.00%,0.005,0.00%,0.01
1025-03,Riz,0,0,0,1064.09,15.05,539.57,0.00%,0.00%,0,0.00%,0
1031-01,Riz,5.52,5.08,0,807.31,108.52,457.915,0.68%,4.68%,5.3,1.16%,10.6
1031-02,Riz,0.5,0,0,412.11,0,206.055,0.12%,0.00%,0.25,0.12%,0.5
1031-03,Riz,0.44,0.6,0,1573.93,90.51,832.22,0.03%,0.66%,0.52,0.06%,1.04
1031-04,Riz,100.87,0.48,0,1275.07,6.69,640.88,7.91%,7.17%,50.675,7.91%,101.35
1031-05,Riz,29,19.86,0,1564.19,48.98,806.585,1.85%,40.55%,24.43,3.03%,48.86
1032-01,Riz,0,0,0,79.18,0,39.59,0.00%,0.00%,0,0.00%,0
1032-02,Riz,0,0,0,113.87,0,56.935,0.00%,0.00%,0,0.00%,a
